Customer_ID,.pred_class,.pred_Creditworthy,.pred_Non-Creditworthy,Account_Balance,Duration_of_Credit_Month,Payment_Status_of_Previous_Credit,Purpose,Credit_Amount,Value_Savings_Stocks,Length_of_current_employment,Instalment_per_cent,Guarantors,Duration_in_Current_address,Most_valuable_available_asset,Age_years,Concurrent_Credits,Type_of_apartment,No_of_Credits_at_this_Bank,Occupation,No_of_dependents,Telephone,Foreign_Worker
391,Creditworthy,0.986,0.014,Some Balance,24,Paid Up,Home Related,2397,£100-£1000,4-7 yrs,3,None,2,3,35,Other Banks/Depts,2,More than 1,1,1,2,1
116,Creditworthy,0.974,0.026,Some Balance,24,Paid Up,New car,3488,< £100,1-4 yrs,3,None,4,3,23,Other Banks/Depts,2,1,1,1,1,1
353,Creditworthy,0.97,0.03,Some Balance,15,Paid Up,Home Related,1262,£100-£1000,1-4 yrs,4,None,3,2,36,Other Banks/Depts,2,More than 1,1,1,2,1
339,Creditworthy,0.956,0.044,Some Balance,24,No Problems (in this bank),Used car,1585,None,1-4 yrs,4,None,3,2,40,Other Banks/Depts,2,More than 1,1,1,1,1
40,Creditworthy,0.956,0.044,Some Balance,15,No Problems (in this bank),New car,2360,£100-£1000,< 1yr,2,None,2,3,36,Other Banks/Depts,2,1,1,1,2,1
355,Creditworthy,0.952,0.048,Some Balance,36,No Problems (in this bank),Home Related,6304,£100-£1000,4-7 yrs,4,None,4,1,36,Other Banks/Depts,2,More than 1,1,1,1,1
273,Creditworthy,0.948,0.052,Some Balance,10,Paid Up,Home Related,894,£100-£1000,1-4 yrs,4,None,3,2,40,Other Banks/Depts,2,1,1,1,2,1
185,Creditworthy,0.946,0.054,Some Balance,21,No Problems (in this bank),Used car,1591,< £100,1-4 yrs,4,None,3,1,34,Other Banks/Depts,2,More than 1,1,1,1,1
105,Creditworthy,0.944,0.056,Some Balance,21,Paid Up,Home Related,1572,£100-£1000,4-7 yrs,4,None,4,1,36,Other Banks/Depts,2,1,1,1,1,1
91,Creditworthy,0.942,0.058,Some Balance,24,Paid Up,Home Related,2255,£100-£1000,< 1yr,4,None,1,2,54,Other Banks/Depts,2,1,1,1,1,1
63,Creditworthy,0.924,0.076,Some Balance,9,Paid Up,Home Related,3832,£100-£1000,4-7 yrs,1,None,4,1,64,Other Banks/Depts,2,1,1,1,1,1
102,Creditworthy,0.922,0.078,Some Balance,24,No Problems (in this bank),New car,4679,None,1-4 yrs,3,None,3,3,35,Other Banks/Depts,2,More than 1,1,1,2,1
52,Creditworthy,0.922,0.078,No Account,12,No Problems (in this bank),Home Related,2366,£100-£1000,1-4 yrs,3,None,3,3,36,Other Banks/Depts,2,1,1,1,2,1
474,Creditworthy,0.922,0.078,Some Balance,12,No Problems (in this bank),Home Related,939,£100-£1000,1-4 yrs,4,None,2,1,28,Other Banks/Depts,2,More than 1,1,1,2,1
133,Creditworthy,0.922,0.078,Some Balance,9,Paid Up,Home Related,1126,< £100,4-7 yrs,2,None,4,1,49,Other Banks/Depts,2,1,1,1,1,1
250,Creditworthy,0.92,0.08,Some Balance,6,No Problems (in this bank),Home Related,2080,£100-£1000,< 1yr,1,None,2,3,24,Other Banks/Depts,2,1,1,1,1,1
143,Creditworthy,0.918,0.082,Some Balance,9,Paid Up,Used car,2301,< £100,< 1yr,2,None,4,2,22,Other Banks/Depts,1,1,1,1,1,1
159,Creditworthy,0.912,0.088,Some Balance,10,Paid Up,Home Related,1418,< £100,< 1yr,3,None,2,1,35,Other Banks/Depts,1,1,1,1,1,2
141,Creditworthy,0.91,0.09,Some Balance,15,No Problems (in this bank),Home Related,1478,None,< 1yr,4,None,3,1,33,Other Banks/Depts,2,More than 1,1,1,1,1
125,Creditworthy,0.908,0.092,Some Balance,22,Paid Up,Home Related,2675,£100-£1000,4-7 yrs,3,None,4,3,40,Other Banks/Depts,2,1,1,1,1,1
61,Creditworthy,0.904,0.096,Some Balance,24,No Problems (in this bank),Home Related,3148,£100-£1000,< 1yr,3,None,2,3,31,Other Banks/Depts,2,More than 1,1,1,2,1
224,Creditworthy,0.902,0.098,Some Balance,12,Paid Up,New car,2445,£100-£1000,< 1yr,2,None,4,3,26,Other Banks/Depts,1,1,1,1,2,1
245,Creditworthy,0.902,0.098,Some Balance,24,No Problems (in this bank),Home Related,2058,None,< 1yr,4,None,2,1,33,Other Banks/Depts,2,More than 1,1,1,2,1
179,Creditworthy,0.9,0.1,Some Balance,15,No Problems (in this bank),Home Related,5045,£100-£1000,4-7 yrs,1,None,4,3,59,Other Banks/Depts,2,1,1,1,2,1
366,Creditworthy,0.896,0.104,Some Balance,12,Paid Up,Home Related,3059,£100-£1000,1-4 yrs,2,None,4,1,61,Other Banks/Depts,2,1,1,1,1,1
32,Creditworthy,0.892,0.108,Some Balance,12,Paid Up,Home Related,3077,None,< 1yr,2,None,4,3,52,Other Banks/Depts,2,1,1,1,2,1
226,Creditworthy,0.89,0.11,Some Balance,15,Paid Up,New car,3812,< £100,< 1yr,1,None,4,3,23,Other Banks/Depts,2,1,1,1,2,1
118,Creditworthy,0.888,0.112,Some Balance,21,Paid Up,New car,5248,£100-£1000,< 1yr,1,None,3,3,26,Other Banks/Depts,2,1,1,1,1,1
217,Creditworthy,0.882,0.118,Some Balance,12,Paid Up,Used car,1574,None,< 1yr,4,None,2,1,50,Other Banks/Depts,2,1,1,1,1,1
135,Creditworthy,0.88,0.12,Some Balance,12,Paid Up,Used car,2251,None,< 1yr,1,None,2,3,46,Other Banks/Depts,2,1,1,1,1,1
212,Creditworthy,0.88,0.12,Some Balance,15,No Problems (in this bank),Home Related,1532,< £100,< 1yr,4,None,3,3,31,Other Banks/Depts,2,1,1,1,1,1
54,Creditworthy,0.88,0.12,Some Balance,24,Paid Up,New car,2603,£100-£1000,< 1yr,2,None,4,3,28,Other Banks/Depts,1,1,1,1,2,1
368,Creditworthy,0.878,0.122,Some Balance,30,No Problems (in this bank),New car,7596,£100-£1000,4-7 yrs,1,None,4,3,63,Other Banks/Depts,2,More than 1,1,1,1,1
136,Creditworthy,0.878,0.122,Some Balance,12,Paid Up,New car,4675,£100-£1000,< 1yr,1,None,4,3,20,Other Banks/Depts,1,1,1,1,1,1
321,Creditworthy,0.876,0.124,No Account,18,No Problems (in this bank),Home Related,2427,£100-£1000,4-7 yrs,4,None,2,2,42,Other Banks/Depts,2,More than 1,1,1,1,1
277,Creditworthy,0.874,0.126,Some Balance,12,No Problems (in this bank),Used car,1935,None,4-7 yrs,4,None,4,1,43,Other Banks/Depts,2,More than 1,1,1,2,1
151,Creditworthy,0.872,0.128,Some Balance,6,No Problems (in this bank),Home Related,250,£100-£1000,< 1yr,2,None,2,1,41,Other Banks/Depts,2,More than 1,1,1,1,1
74,Creditworthy,0.872,0.128,Some Balance,12,No Problems (in this bank),Home Related,1291,None,< 1yr,4,None,2,2,35,Other Banks/Depts,2,More than 1,1,1,1,1
480,Creditworthy,0.87,0.13,Some Balance,18,Paid Up,Home Related,6761,£100-£1000,< 1yr,2,None,4,3,68,Other Banks/Depts,1,More than 1,1,1,1,1
81,Creditworthy,0.868,0.132,No Account,12,No Problems (in this bank),New car,1804,< £100,< 1yr,3,None,4,2,44,Other Banks/Depts,2,1,1,1,1,1
223,Creditworthy,0.862,0.138,No Account,24,No Problems (in this bank),Used car,2333,£100-£1000,< 1yr,4,None,2,2,29,Other Banks/Depts,2,1,1,1,1,1
238,Creditworthy,0.86,0.14,Some Balance,18,No Problems (in this bank),Used car,3780,None,< 1yr,3,None,2,3,35,Other Banks/Depts,2,More than 1,1,1,2,1
222,Creditworthy,0.86,0.14,No Account,18,Paid Up,Home Related,1941,£100-£1000,< 1yr,4,None,2,2,35,Other Banks/Depts,2,1,1,1,2,1
244,Creditworthy,0.858,0.142,Some Balance,6,Paid Up,Home Related,1595,None,1-4 yrs,3,None,2,2,51,Other Banks/Depts,2,1,1,2,1,1
454,Creditworthy,0.856,0.144,No Account,18,Paid Up,Used car,2462,None,< 1yr,2,None,2,3,22,Other Banks/Depts,2,1,1,1,1,1
113,Creditworthy,0.856,0.144,Some Balance,18,Paid Up,Home Related,1568,< £100,< 1yr,3,None,4,2,24,Other Banks/Depts,1,1,1,1,1,1
405,Creditworthy,0.852,0.148,Some Balance,18,Paid Up,Home Related,1943,None,< 1yr,4,None,4,1,23,Other Banks/Depts,2,1,1,1,1,1
161,Creditworthy,0.852,0.148,Some Balance,18,Paid Up,Home Related,2662,£100-£1000,1-4 yrs,4,None,3,2,32,Other Banks/Depts,2,1,1,1,1,2
243,Creditworthy,0.848,0.152,No Account,12,Paid Up,Home Related,1680,£100-£1000,4-7 yrs,3,None,1,1,35,Other Banks/Depts,2,1,1,1,1,1
249,Creditworthy,0.848,0.152,Some Balance,24,No Problems (in this bank),Used car,5150,None,4-7 yrs,4,None,4,3,33,Other Banks/Depts,2,1,1,1,2,1
400,Creditworthy,0.848,0.152,No Account,18,Paid Up,Home Related,1042,£100-£1000,< 1yr,4,None,2,2,33,Other Banks/Depts,2,1,1,1,1,1
342,Creditworthy,0.842,0.158,Some Balance,18,Paid Up,Used car,3049,None,< 1yr,1,None,1,2,45,Other Banks/Depts,2,1,1,1,1,1
278,Creditworthy,0.842,0.158,Some Balance,48,Paid Up,Home Related,10222,£100-£1000,1-4 yrs,4,None,3,3,37,Other Banks/Depts,2,1,1,1,2,1
55,Creditworthy,0.842,0.158,Some Balance,24,Paid Up,Used car,3062,£100-£1000,4-7 yrs,4,None,3,4,32,Other Banks/Depts,1,1,1,1,2,1
211,Creditworthy,0.84,0.16,Some Balance,12,No Problems (in this bank),Home Related,1264,£100-£1000,4-7 yrs,4,None,4,4,57,Other Banks/Depts,1,1,1,1,1,1
67,Creditworthy,0.84,0.16,No Account,12,Paid Up,Used car,1262,£100-£1000,4-7 yrs,2,None,4,2,49,Other Banks/Depts,2,1,1,1,2,1
240,Creditworthy,0.838,0.162,Some Balance,18,Paid Up,Home Related,2051,None,< 1yr,4,None,1,1,33,Other Banks/Depts,2,1,1,1,1,1
257,Creditworthy,0.838,0.162,Some Balance,18,Paid Up,Home Related,1126,£100-£1000,< 1yr,4,None,2,1,21,Other Banks/Depts,1,1,1,1,2,1
26,Creditworthy,0.836,0.164,Some Balance,12,No Problems (in this bank),Home Related,1655,None,4-7 yrs,2,None,4,1,63,Other Banks/Depts,2,More than 1,1,1,2,1
328,Creditworthy,0.832,0.168,No Account,13,No Problems (in this bank),Home Related,882,None,< 1yr,4,Yes,4,1,23,Other Banks/Depts,2,More than 1,1,1,1,1
200,Creditworthy,0.832,0.168,No Account,18,Paid Up,Home Related,1913,£100-£1000,< 1yr,3,None,3,1,36,Other Banks/Depts,2,1,1,1,2,1
77,Creditworthy,0.828,0.172,Some Balance,30,No Problems (in this bank),Home Related,5771,None,1-4 yrs,4,None,2,3,25,Other Banks/Depts,2,More than 1,1,1,1,1
89,Creditworthy,0.824,0.176,Some Balance,21,Paid Up,Home Related,2923,< £100,< 1yr,1,None,1,3,28,Other Banks/Depts,2,1,1,1,2,1
263,Creditworthy,0.822,0.178,Some Balance,4,No Problems (in this bank),Home Related,1455,None,1-4 yrs,2,None,1,1,42,Other Banks/Depts,2,More than 1,1,2,1,1
396,Creditworthy,0.822,0.178,Some Balance,21,No Problems (in this bank),Home Related,2319,None,< 1yr,2,None,1,3,33,Other Banks/Depts,1,1,1,1,1,1
83,Creditworthy,0.822,0.178,Some Balance,48,No Problems (in this bank),Home Related,12749,£100-£1000,1-4 yrs,4,None,1,3,37,Other Banks/Depts,2,1,1,1,2,1
488,Creditworthy,0.818,0.182,No Account,12,Paid Up,Used car,2762,£100-£1000,4-7 yrs,1,None,2,2,25,Other Banks/Depts,2,1,1,1,2,1
210,Creditworthy,0.816,0.184,No Account,18,No Problems (in this bank),Home Related,1887,£100-£1000,< 1yr,4,None,4,1,28,Other Banks/Depts,2,More than 1,1,1,1,1
109,Creditworthy,0.814,0.186,No Account,24,Paid Up,Home Related,1603,None,4-7 yrs,4,None,4,3,55,Other Banks/Depts,2,1,1,1,1,1
174,Creditworthy,0.814,0.186,Some Balance,24,Paid Up,Home Related,1525,£100-£1000,1-4 yrs,4,None,3,3,34,Other Banks/Depts,2,1,1,2,2,1
378,Creditworthy,0.81,0.19,Some Balance,9,Paid Up,Home Related,1478,None,1-4 yrs,4,None,2,3,22,Other Banks/Depts,2,1,1,1,1,1
329,Creditworthy,0.808,0.192,No Account,7,Paid Up,Home Related,2415,None,< 1yr,3,Yes,2,1,34,Other Banks/Depts,2,1,1,1,1,1
7,Creditworthy,0.806,0.194,No Account,36,No Problems (in this bank),Home Related,2337,None,4-7 yrs,4,None,4,1,36,Other Banks/Depts,2,1,1,1,1,1
10,Creditworthy,0.804,0.196,No Account,11,No Problems (in this bank),Home Related,4771,None,1-4 yrs,2,None,4,2,51,Other Banks/Depts,2,1,1,1,1,1
168,Creditworthy,0.802,0.198,Some Balance,18,No Problems (in this bank),New car,3229,£100-£1000,< 1yr,2,None,4,4,38,Other Banks/Depts,2,1,1,1,2,1
289,Creditworthy,0.802,0.198,No Account,12,Paid Up,Used car,1657,None,< 1yr,2,None,2,1,27,Other Banks/Depts,2,1,1,1,1,1
165,Creditworthy,0.8,0.2,No Account,10,No Problems (in this bank),Home Related,1038,None,1-4 yrs,4,Yes,3,2,49,Other Banks/Depts,2,More than 1,1,1,2,1
158,Creditworthy,0.798,0.202,No Account,10,No Problems (in this bank),Used car,2132,£100-£1000,< 1yr,2,Yes,3,1,27,Other Banks/Depts,1,More than 1,1,1,1,2
294,Creditworthy,0.796,0.204,No Account,6,No Problems (in this bank),Used car,1050,None,< 1yr,4,None,1,2,35,Other Banks/Depts,2,More than 1,1,1,2,2
13,Creditworthy,0.796,0.204,Some Balance,36,No Problems (in this bank),Home Related,6614,None,4-7 yrs,4,None,4,3,34,Other Banks/Depts,2,More than 1,1,1,2,1
57,Creditworthy,0.794,0.206,Some Balance,36,No Problems (in this bank),New car,5842,None,4-7 yrs,2,None,2,2,35,Other Banks/Depts,2,More than 1,1,2,2,1
145,Creditworthy,0.792,0.208,Some Balance,18,No Problems (in this bank),Home Related,2320,None,< 1yr,2,None,3,1,34,Other Banks/Depts,2,More than 1,1,1,1,1
306,Creditworthy,0.79,0.21,No Account,15,No Problems (in this bank),Used car,1433,None,< 1yr,4,None,3,2,25,Other Banks/Depts,1,More than 1,1,1,1,1
235,Creditworthy,0.79,0.21,No Account,18,Paid Up,Used car,3001,None,1-4 yrs,2,None,4,1,40,Other Banks/Depts,1,1,1,1,1,1
5,Creditworthy,0.79,0.21,No Account,6,No Problems (in this bank),Home Related,1957,None,1-4 yrs,1,None,4,3,31,Other Banks/Depts,2,1,1,1,1,1
267,Creditworthy,0.788,0.212,No Account,18,No Problems (in this bank),Used car,1295,None,< 1yr,4,None,1,2,27,Other Banks/Depts,2,More than 1,1,1,1,1
137,Creditworthy,0.782,0.218,No Account,21,No Problems (in this bank),Home Related,2353,None,< 1yr,1,None,4,2,47,Other Banks/Depts,2,More than 1,1,1,1,1
154,Creditworthy,0.782,0.218,Some Balance,12,Paid Up,Home Related,3016,None,< 1yr,3,None,1,3,24,Other Banks/Depts,2,1,1,1,1,1
362,Creditworthy,0.78,0.22,Some Balance,15,No Problems (in this bank),New car,3368,£100-£1000,4-7 yrs,3,None,4,4,23,Other Banks/Depts,1,More than 1,1,1,2,1
197,Creditworthy,0.778,0.222,No Account,6,Paid Up,New car,1352,£100-£1000,< 1yr,1,None,2,2,23,Other Banks/Depts,1,1,1,1,2,1
86,Creditworthy,0.778,0.222,Some Balance,30,No Problems (in this bank),Home Related,2831,None,< 1yr,4,None,2,3,33,Other Banks/Depts,2,1,1,1,2,1
64,Creditworthy,0.776,0.224,No Account,24,Paid Up,Home Related,5084,£100-£1000,4-7 yrs,2,None,4,3,42,Other Banks/Depts,2,1,1,1,2,1
198,Creditworthy,0.776,0.224,Some Balance,24,Paid Up,Home Related,3181,None,< 1yr,4,None,4,2,26,Other Banks/Depts,2,1,1,1,2,1
4,Creditworthy,0.774,0.226,No Account,11,No Problems (in this bank),Home Related,3905,None,< 1yr,2,None,2,1,36,Other Banks/Depts,1,More than 1,1,2,1,1
23,Creditworthy,0.772,0.228,Some Balance,36,Paid Up,Home Related,3919,None,< 1yr,2,None,2,1,23,Other Banks/Depts,2,1,1,1,2,1
479,Creditworthy,0.77,0.23,No Account,30,Paid Up,Used car,3441,< £100,< 1yr,2,Yes,4,3,21,Other Banks/Depts,1,1,1,1,1,1
11,Creditworthy,0.768,0.232,Some Balance,15,Paid Up,Home Related,3556,£100-£1000,< 1yr,3,None,2,4,29,Other Banks/Depts,2,1,1,1,1,1
410,Creditworthy,0.766,0.234,No Account,24,Paid Up,Home Related,1938,None,< 1yr,4,None,3,2,32,Other Banks/Depts,2,1,1,1,1,1
431,Creditworthy,0.764,0.236,No Account,12,Paid Up,Used car,951,< £100,< 1yr,4,None,4,3,27,Other Banks/Depts,1,More than 1,1,1,1,1
252,Creditworthy,0.76,0.24,Some Balance,36,Paid Up,Home Related,1819,None,< 1yr,4,None,4,4,37,Other Banks/Depts,3,1,1,1,2,1
48,Creditworthy,0.76,0.24,Some Balance,12,No Problems (in this bank),Home Related,1412,None,< 1yr,4,Yes,2,1,29,Other Banks/Depts,2,More than 1,1,1,2,1
343,Creditworthy,0.76,0.24,No Account,24,Paid Up,Home Related,1282,< £100,< 1yr,4,None,2,3,32,Other Banks/Depts,2,1,1,1,1,1
160,Creditworthy,0.756,0.244,Some Balance,6,No Problems (in this bank),Home Related,1343,None,4-7 yrs,1,None,4,1,46,Other Banks/Depts,2,More than 1,1,2,1,2
33,Creditworthy,0.756,0.244,Some Balance,24,Paid Up,Home Related,2284,None,1-4 yrs,4,None,2,3,28,Other Banks/Depts,2,1,1,1,2,1
351,Creditworthy,0.756,0.244,No Account,30,Paid Up,Used car,3622,£100-£1000,4-7 yrs,4,None,4,2,57,Other Banks/Depts,1,More than 1,1,1,2,1
25,Creditworthy,0.754,0.246,Some Balance,24,Paid Up,New car,6313,£100-£1000,4-7 yrs,3,None,4,3,41,Other Banks/Depts,2,1,1,2,2,1
253,Creditworthy,0.752,0.248,Some Balance,36,No Problems (in this bank),Used car,7127,None,< 1yr,2,None,4,2,23,Other Banks/Depts,1,More than 1,1,1,2,1
331,Creditworthy,0.75,0.25,No Account,18,Paid Up,Home Related,1113,None,< 1yr,4,Yes,4,1,26,Other Banks/Depts,2,1,1,2,1,1
164,Creditworthy,0.75,0.25,No Account,9,No Problems (in this bank),Home Related,1288,< £100,4-7 yrs,3,Yes,4,1,48,Other Banks/Depts,2,More than 1,1,2,1,2
298,Creditworthy,0.748,0.252,No Account,15,Paid Up,Used car,1845,None,< 1yr,4,Yes,1,2,46,Other Banks/Depts,1,1,1,1,1,1
279,Creditworthy,0.748,0.252,Some Balance,36,Paid Up,Home Related,9055,£100-£1000,< 1yr,2,None,4,4,35,Other Banks/Depts,3,1,1,2,2,1
163,Creditworthy,0.746,0.254,Some Balance,6,No Problems (in this bank),Home Related,1554,None,1-4 yrs,1,None,2,3,24,Other Banks/Depts,1,More than 1,1,1,2,1
270,Creditworthy,0.744,0.256,No Account,12,Paid Up,Home Related,1007,£100-£1000,< 1yr,4,None,1,1,22,Other Banks/Depts,2,1,1,1,1,1
332,Creditworthy,0.742,0.258,Some Balance,6,No Problems (in this bank),Home Related,1323,< £100,4-7 yrs,2,None,4,3,28,Other Banks/Depts,2,More than 1,1,2,2,1
326,Creditworthy,0.742,0.258,No Account,12,Paid Up,Home Related,1092,None,< 1yr,4,Yes,4,1,49,Other Banks/Depts,2,More than 1,1,1,2,1
14,Creditworthy,0.74,0.26,No Account,15,Paid Up,Home Related,1721,None,< 1yr,2,None,3,1,36,Other Banks/Depts,2,1,1,1,1,1
229,Creditworthy,0.738,0.262,Some Balance,12,Paid Up,Home Related,1393,None,4-7 yrs,4,None,4,2,47,Other Banks/Depts,2,More than 1,1,2,2,1
254,Creditworthy,0.736,0.264,Some Balance,36,Paid Up,Used car,3349,None,< 1yr,4,None,2,3,28,Other Banks/Depts,2,1,1,1,2,1
403,Creditworthy,0.736,0.264,No Account,24,Paid Up,Used car,3345,None,4-7 yrs,4,None,2,2,39,Other Banks/Depts,1,1,1,1,2,1
117,Creditworthy,0.736,0.264,No Account,15,Paid Up,Home Related,2631,< £100,< 1yr,3,None,2,1,25,Other Banks/Depts,2,1,1,1,1,1
388,Creditworthy,0.736,0.264,No Account,30,No Problems (in this bank),Used car,8386,None,1-4 yrs,2,None,2,2,49,Other Banks/Depts,2,1,1,1,1,1
107,Creditworthy,0.73,0.27,No Account,30,Paid Up,New car,3857,None,< 1yr,4,None,4,2,40,Other Banks/Depts,2,1,1,1,2,1
214,Creditworthy,0.728,0.272,No Account,27,No Problems (in this bank),Home Related,2442,None,4-7 yrs,4,None,4,3,43,Other Banks/Depts,2,More than 1,1,2,2,1
209,Creditworthy,0.724,0.276,Some Balance,30,No Problems (in this bank),Home Related,4530,None,1-4 yrs,4,None,4,3,26,Other Banks/Depts,1,1,1,1,2,1
359,Creditworthy,0.72,0.28,Some Balance,36,No Problems (in this bank),New car,8947,£100-£1000,1-4 yrs,3,None,2,3,31,Other Banks/Depts,2,1,1,2,2,1
236,Creditworthy,0.714,0.286,Some Balance,24,No Problems (in this bank),Home Related,3863,None,< 1yr,1,None,2,4,32,Other Banks/Depts,3,1,1,1,1,1
370,Creditworthy,0.714,0.286,No Account,24,Paid Up,New car,2760,£100-£1000,4-7 yrs,4,None,4,4,36,Other Banks/Depts,3,1,1,1,2,1
314,Creditworthy,0.712,0.288,No Account,24,No Problems (in this bank),New car,2957,None,4-7 yrs,4,None,4,2,63,Other Banks/Depts,2,More than 1,1,1,2,1
218,Creditworthy,0.706,0.294,Some Balance,36,Paid Up,New car,4686,None,< 1yr,2,None,2,4,32,Other Banks/Depts,3,1,1,1,2,1
272,Creditworthy,0.704,0.296,Some Balance,12,Paid Up,Home Related,1101,None,< 1yr,3,None,2,1,27,Other Banks/Depts,2,More than 1,1,1,2,1
373,Creditworthy,0.7,0.3,No Account,24,No Problems (in this bank),Home Related,1199,None,4-7 yrs,4,None,4,3,60,Other Banks/Depts,2,More than 1,1,1,1,1
313,Creditworthy,0.7,0.3,No Account,20,No Problems (in this bank),Used car,4272,None,4-7 yrs,1,None,4,2,24,Other Banks/Depts,2,More than 1,1,1,1,1
302,Creditworthy,0.698,0.302,No Account,12,Paid Up,Used car,3590,None,< 1yr,2,Yes,2,2,29,Other Banks/Depts,2,1,1,2,1,1
121,Creditworthy,0.696,0.304,No Account,15,No Problems (in this bank),Used car,3643,None,4-7 yrs,1,None,4,2,27,Other Banks/Depts,2,More than 1,1,1,1,1
475,Creditworthy,0.696,0.304,Some Balance,48,No Problems (in this bank),New car,11590,< £100,< 1yr,2,None,4,3,24,Other Banks/Depts,1,More than 1,1,1,1,1
308,Creditworthy,0.694,0.306,No Account,24,Paid Up,Used car,4169,None,< 1yr,4,None,4,2,28,Other Banks/Depts,2,1,1,1,1,1
51,Creditworthy,0.692,0.308,No Account,6,Paid Up,Used car,428,None,4-7 yrs,2,None,1,2,49,Other Banks/Depts,2,1,1,1,2,1
84,Creditworthy,0.692,0.308,Some Balance,9,Paid Up,Home Related,1236,None,< 1yr,1,None,4,1,23,Other Banks/Depts,1,1,1,1,2,1
433,Creditworthy,0.692,0.308,Some Balance,18,Paid Up,Home Related,433,None,< 1yr,3,Yes,4,1,22,Other Banks/Depts,1,1,1,1,1,1
225,Creditworthy,0.686,0.314,No Account,20,Paid Up,New car,6468,£100-£1000,< 1yr,1,None,4,1,60,Other Banks/Depts,2,1,1,1,2,1
232,Creditworthy,0.684,0.316,Some Balance,18,Paid Up,Used car,3422,None,4-7 yrs,4,None,4,2,47,Other Banks/Depts,2,More than 1,1,2,2,1
330,Creditworthy,0.682,0.318,No Account,13,Paid Up,Home Related,2101,None,< 1yr,2,Yes,4,2,23,Other Banks/Depts,2,1,1,1,1,1
16,Creditworthy,0.682,0.318,Some Balance,12,No Problems (in this bank),Home Related,1495,None,4-7 yrs,4,None,1,1,38,Other Banks/Depts,2,More than 1,1,2,1,1
215,Creditworthy,0.678,0.322,No Account,39,No Problems (in this bank),Used car,14179,£100-£1000,1-4 yrs,4,None,4,2,30,Other Banks/Depts,2,More than 1,1,1,2,1
288,Creditworthy,0.674,0.326,No Account,18,Paid Up,Home Related,3509,None,1-4 yrs,4,Yes,1,1,25,Other Banks/Depts,2,1,1,1,1,1
186,Creditworthy,0.67,0.33,No Account,27,Paid Up,Home Related,3416,None,< 1yr,3,None,2,3,27,Other Banks/Depts,2,1,1,1,1,1
43,Creditworthy,0.666,0.334,Some Balance,27,No Problems (in this bank),Used car,4526,£100-£1000,< 1yr,4,None,2,1,32,Other Banks/Depts,2,More than 1,1,2,2,1
494,Creditworthy,0.666,0.334,No Account,24,Paid Up,Home Related,2718,None,< 1yr,3,None,4,2,20,Other Banks/Depts,1,1,1,1,2,1
152,Creditworthy,0.666,0.334,No Account,6,Paid Up,Home Related,662,None,< 1yr,3,None,4,1,41,Other Banks/Depts,2,1,1,2,2,1
78,Creditworthy,0.664,0.336,Some Balance,6,No Problems (in this bank),Home Related,1382,None,< 1yr,1,None,1,3,28,Other Banks/Depts,2,More than 1,1,1,2,1
428,Creditworthy,0.664,0.336,No Account,12,Paid Up,Home Related,1534,None,< 1yr,1,None,1,1,23,Other Banks/Depts,1,1,1,1,1,1
41,Creditworthy,0.662,0.338,No Account,12,Paid Up,Home Related,3651,£100-£1000,< 1yr,1,None,3,2,31,Other Banks/Depts,2,1,1,2,1,1
94,Creditworthy,0.662,0.338,No Account,24,Paid Up,Used car,7721,£100-£1000,< 1yr,1,None,2,2,30,Other Banks/Depts,2,1,1,1,2,2
20,Creditworthy,0.662,0.338,No Account,18,Paid Up,Home Related,1239,£100-£1000,< 1yr,4,None,4,4,61,Other Banks/Depts,3,1,1,1,1,1
399,Creditworthy,0.66,0.34,No Account,24,Paid Up,Home Related,1285,£100-£1000,1-4 yrs,4,None,4,4,32,Other Banks/Depts,1,1,1,1,1,1
463,Creditworthy,0.656,0.344,No Account,18,No Problems (in this bank),Home Related,1056,None,4-7 yrs,3,Yes,3,1,30,Other Banks/Depts,2,More than 1,1,1,1,1
472,Creditworthy,0.654,0.346,Some Balance,30,Some Problems,New car,7485,£100-£1000,< 1yr,4,None,1,1,53,Other Banks/Depts,2,1,1,1,2,1
205,Creditworthy,0.654,0.346,No Account,15,No Problems (in this bank),Used car,1478,None,4-7 yrs,4,None,4,3,44,Other Banks/Depts,2,More than 1,1,2,2,1
297,Creditworthy,0.646,0.354,No Account,12,Paid Up,Home Related,836,< £100,< 1yr,4,None,2,2,23,Other Banks/Depts,2,1,1,1,1,1
309,Creditworthy,0.642,0.358,No Account,36,Paid Up,Used car,3959,None,< 1yr,4,None,3,2,30,Other Banks/Depts,2,1,1,1,2,1
166,Creditworthy,0.638,0.362,Some Balance,10,Paid Up,New car,2848,< £100,< 1yr,1,Yes,2,1,32,Other Banks/Depts,2,1,1,2,1,1
39,Creditworthy,0.638,0.362,No Account,18,Paid Up,Home Related,5866,< £100,< 1yr,2,None,2,3,30,Other Banks/Depts,2,More than 1,1,1,2,1
372,Creditworthy,0.636,0.364,No Account,9,No Problems (in this bank),Home Related,1136,£100-£1000,4-7 yrs,4,None,3,4,32,Other Banks/Depts,3,More than 1,1,2,1,1
364,Creditworthy,0.636,0.364,No Account,9,Paid Up,Home Related,1082,None,4-7 yrs,4,None,4,3,37,Other Banks/Depts,2,More than 1,1,1,1,1
486,Creditworthy,0.634,0.366,No Account,6,Paid Up,Home Related,448,None,< 1yr,4,None,4,2,23,Other Banks/Depts,2,1,1,1,1,1
178,Creditworthy,0.634,0.366,Some Balance,10,No Problems (in this bank),Home Related,1231,None,4-7 yrs,3,None,4,1,32,Other Banks/Depts,2,More than 1,1,2,1,2
22,Creditworthy,0.63,0.37,Some Balance,12,Paid Up,Home Related,640,None,< 1yr,4,None,2,1,49,Other Banks/Depts,2,1,1,1,1,1
262,Creditworthy,0.624,0.376,No Account,18,Paid Up,Home Related,2389,None,< 1yr,4,None,1,3,27,Other Banks/Depts,2,1,1,1,1,1
421,Creditworthy,0.624,0.376,No Account,36,Paid Up,Home Related,1977,£100-£1000,4-7 yrs,4,None,4,4,40,Other Banks/Depts,2,1,1,1,2,1
196,Creditworthy,0.622,0.378,No Account,27,Paid Up,Home Related,2528,None,< 1yr,4,None,1,2,32,Other Banks/Depts,2,1,1,2,2,1
386,Creditworthy,0.618,0.382,No Account,18,No Problems (in this bank),Home Related,1245,None,< 1yr,4,None,2,3,33,Other Banks/Depts,2,1,1,1,1,1
195,Creditworthy,0.614,0.386,No Account,12,Paid Up,Home Related,6078,None,1-4 yrs,2,None,2,3,32,Other Banks/Depts,2,1,1,1,1,1
411,Creditworthy,0.614,0.386,No Account,21,Paid Up,Home Related,1835,None,< 1yr,3,None,2,1,25,Other Banks/Depts,2,More than 1,1,1,2,1
444,Creditworthy,0.61,0.39,No Account,27,Paid Up,Home Related,3915,None,< 1yr,4,None,2,3,36,Other Banks/Depts,2,1,1,2,2,1
134,Creditworthy,0.61,0.39,Some Balance,6,No Problems (in this bank),Home Related,683,None,< 1yr,2,None,1,2,29,Other Banks/Depts,2,1,1,1,1,1
76,Creditworthy,0.606,0.394,Some Balance,15,Paid Up,Home Related,392,None,< 1yr,4,None,4,2,23,Other Banks/Depts,1,1,1,1,2,1
452,Creditworthy,0.6,0.4,No Account,42,No Problems (in this bank),Home Related,4370,None,1-4 yrs,3,None,2,2,26,Other Banks/Depts,2,More than 1,1,2,2,1
110,Creditworthy,0.6,0.4,Some Balance,4,Paid Up,Used car,601,None,< 1yr,1,None,3,1,23,Other Banks/Depts,1,1,1,2,1,1
310,Creditworthy,0.6,0.4,No Account,36,Paid Up,Home Related,3249,None,1-4 yrs,2,None,4,4,39,Other Banks/Depts,3,1,1,2,2,1
265,Creditworthy,0.6,0.4,No Account,48,Paid Up,Home Related,3979,£100-£1000,1-4 yrs,4,None,1,3,41,Other Banks/Depts,2,More than 1,1,2,2,1
255,Creditworthy,0.596,0.404,Some Balance,36,Paid Up,Used car,10974,None,< 1yr,4,None,2,3,26,Other Banks/Depts,2,More than 1,1,1,2,1
285,Creditworthy,0.596,0.404,No Account,12,Paid Up,Home Related,741,< £100,< 1yr,4,None,3,2,22,Other Banks/Depts,2,1,1,1,1,1
335,Creditworthy,0.586,0.414,No Account,12,Paid Up,Home Related,1155,None,4-7 yrs,3,Yes,3,1,40,Other Banks/Depts,2,More than 1,1,1,1,1
383,Creditworthy,0.584,0.416,No Account,9,Paid Up,Home Related,1422,None,< 1yr,3,None,2,4,27,Other Banks/Depts,3,1,1,1,2,1
90,Creditworthy,0.578,0.422,No Account,48,Paid Up,Home Related,8487,£100-£1000,1-4 yrs,1,None,2,3,24,Other Banks/Depts,2,1,1,1,1,1
34,Creditworthy,0.578,0.422,No Account,12,Paid Up,Home Related,1567,None,< 1yr,1,None,1,3,22,Other Banks/Depts,2,1,1,1,2,1
27,Creditworthy,0.578,0.422,No Account,15,Paid Up,Home Related,1053,None,< 1yr,4,None,2,1,27,Other Banks/Depts,2,1,1,1,1,2
194,Creditworthy,0.576,0.424,Some Balance,12,Paid Up,Home Related,707,None,< 1yr,4,None,2,1,30,Other Banks/Depts,2,More than 1,1,1,1,1
350,Creditworthy,0.564,0.436,No Account,18,No Problems (in this bank),Home Related,8471,£100-£1000,< 1yr,1,None,2,3,23,Other Banks/Depts,1,More than 1,1,1,2,1
496,Creditworthy,0.554,0.446,No Account,18,No Problems (in this bank),Home Related,3966,None,4-7 yrs,1,None,4,1,33,Other Banks/Depts,1,More than 1,1,1,2,1
66,Creditworthy,0.546,0.454,No Account,24,Paid Up,New car,2964,£100-£1000,4-7 yrs,4,None,4,4,49,Other Banks/Depts,3,1,1,2,2,1
256,Creditworthy,0.544,0.456,Some Balance,6,Paid Up,Home Related,518,None,< 1yr,3,None,1,1,29,Other Banks/Depts,2,1,1,1,1,1
153,Creditworthy,0.542,0.458,Some Balance,24,Some Problems,Home Related,1559,None,1-4 yrs,4,None,4,3,40,Other Banks/Depts,2,1,1,1,2,1
469,Creditworthy,0.54,0.46,No Account,12,Paid Up,Home Related,709,None,4-7 yrs,4,None,4,1,57,Other Banks/Depts,2,1,1,1,1,1
292,Creditworthy,0.536,0.464,No Account,36,No Problems (in this bank),Used car,5371,None,< 1yr,3,Yes,2,2,28,Other Banks/Depts,2,More than 1,1,1,1,1
393,Creditworthy,0.534,0.466,No Account,24,Some Problems,Used car,6872,None,< 1yr,2,None,1,2,55,Other Banks/Depts,2,1,1,1,2,1
155,Creditworthy,0.534,0.466,Some Balance,6,Some Problems,Home Related,1204,< £100,< 1yr,4,None,1,4,35,Other Banks/Depts,1,1,1,1,1,2
347,Creditworthy,0.53,0.47,Some Balance,60,No Problems (in this bank),Home Related,15653,None,1-4 yrs,2,None,4,3,21,Other Banks/Depts,2,More than 1,1,1,2,1
315,Creditworthy,0.53,0.47,Some Balance,42,Some Problems,Home Related,6289,None,< 1yr,2,None,1,2,33,Other Banks/Depts,2,More than 1,1,1,1,1
415,Creditworthy,0.528,0.472,No Account,12,No Problems (in this bank),Home Related,4843,None,4-7 yrs,3,Yes,4,2,43,Other Banks/Depts,1,More than 1,1,1,2,1
425,Creditworthy,0.528,0.472,No Account,36,Paid Up,Home Related,2302,None,< 1yr,4,None,4,3,31,Other Banks/Depts,1,1,1,1,1,1
477,Creditworthy,0.524,0.476,No Account,18,No Problems (in this bank),Home Related,1190,None,< 1yr,2,None,4,4,55,Other Banks/Depts,3,More than 1,1,2,1,1
184,Creditworthy,0.52,0.48,No Account,24,No Problems (in this bank),New car,7758,£100-£1000,4-7 yrs,2,None,4,4,29,Other Banks/Depts,1,1,1,1,1,1
426,Creditworthy,0.516,0.484,No Account,12,Paid Up,Home Related,727,< £100,< 1yr,4,None,3,4,33,Other Banks/Depts,2,1,1,1,2,1
409,Creditworthy,0.516,0.484,No Account,48,Paid Up,Home Related,10961,£100-£1000,1-4 yrs,1,Yes,2,4,27,Other Banks/Depts,2,More than 1,1,1,2,1
98,Creditworthy,0.514,0.486,No Account,24,Some Problems,Used car,2483,£100-£1000,< 1yr,4,None,4,1,22,Other Banks/Depts,2,1,1,1,2,1
199,Creditworthy,0.512,0.488,No Account,48,Paid Up,Home Related,5381,£100-£1000,< 1yr,3,None,4,4,40,Other Banks/Depts,3,1,1,1,2,1
357,Creditworthy,0.51,0.49,No Account,72,Paid Up,Home Related,5595,< £100,< 1yr,2,None,2,3,24,Other Banks/Depts,2,1,1,1,1,1
495,Non-Creditworthy,0.496,0.504,No Account,18,Paid Up,Home Related,750,None,< 1yr,4,None,1,1,27,Other Banks/Depts,2,1,1,1,1,1
307,Non-Creditworthy,0.496,0.504,No Account,42,Paid Up,Used car,7882,None,1-4 yrs,2,Yes,4,2,45,Other Banks/Depts,3,1,1,2,1,1
69,Non-Creditworthy,0.494,0.506,Some Balance,12,Some Problems,Home Related,409,£100-£1000,< 1yr,3,None,3,1,42,Other Banks/Depts,1,More than 1,1,1,1,1
375,Non-Creditworthy,0.494,0.506,No Account,18,Paid Up,Home Related,2600,None,< 1yr,4,None,4,4,65,Other Banks/Depts,3,More than 1,1,1,1,1
115,Non-Creditworthy,0.492,0.508,Some Balance,6,Some Problems,Home Related,1750,£100-£1000,4-7 yrs,2,None,4,2,45,Other Banks/Depts,2,1,1,2,1,1
348,Non-Creditworthy,0.49,0.51,No Account,36,Paid Up,New car,8335,£100-£1000,4-7 yrs,3,None,4,4,47,Other Banks/Depts,3,1,1,1,1,1
459,Non-Creditworthy,0.486,0.514,No Account,27,Some Problems,Home Related,5293,None,< 1yr,2,None,4,2,50,Other Banks/Depts,2,More than 1,1,1,2,1
291,Non-Creditworthy,0.484,0.516,No Account,30,Some Problems,Used car,4583,None,< 1yr,2,Yes,2,1,32,Other Banks/Depts,2,More than 1,1,1,1,1
177,Non-Creditworthy,0.478,0.522,No Account,24,Paid Up,New car,2924,None,< 1yr,3,Yes,4,4,63,Other Banks/Depts,2,1,1,2,2,1
316,Non-Creditworthy,0.476,0.524,No Account,36,Paid Up,Home Related,15857,None,< 1yr,2,Yes,3,3,43,Other Banks/Depts,2,1,1,1,1,1
392,Non-Creditworthy,0.472,0.528,No Account,6,Some Problems,Home Related,931,< £100,< 1yr,1,None,1,2,32,Other Banks/Depts,2,1,1,1,1,1
85,Non-Creditworthy,0.452,0.548,No Account,30,Some Problems,Home Related,8072,£100-£1000,< 1yr,2,None,3,3,25,Other Banks/Depts,2,More than 1,1,1,1,1
417,Non-Creditworthy,0.43,0.57,No Account,24,Paid Up,New car,11560,None,< 1yr,1,None,4,3,23,Other Banks/Depts,1,More than 1,1,1,1,1
148,Non-Creditworthy,0.428,0.572,Some Balance,6,Some Problems,Home Related,783,£100-£1000,< 1yr,1,Yes,2,1,26,Other Banks/Depts,2,1,1,2,1,1
456,Non-Creditworthy,0.426,0.574,No Account,12,Some Problems,Used car,2969,None,< 1yr,4,None,3,2,25,Other Banks/Depts,1,More than 1,1,1,1,1
127,Non-Creditworthy,0.426,0.574,Some Balance,15,Some Problems,Home Related,1569,< £100,4-7 yrs,4,None,4,3,34,Other Banks/Depts,2,1,1,2,1,1
441,Non-Creditworthy,0.422,0.578,No Account,36,No Problems (in this bank),New car,9629,None,1-4 yrs,4,None,4,3,24,Other Banks/Depts,2,More than 1,1,1,2,1
414,Non-Creditworthy,0.422,0.578,No Account,48,Some Problems,Home Related,3844,< £100,1-4 yrs,4,None,4,4,34,Other Banks/Depts,3,1,1,2,1,1
473,Non-Creditworthy,0.418,0.582,No Account,45,No Problems (in this bank),Home Related,4746,None,< 1yr,4,None,2,2,24,Other Banks/Depts,2,More than 1,1,1,1,1
282,Non-Creditworthy,0.412,0.588,No Account,12,Paid Up,Home Related,684,None,< 1yr,4,None,4,3,40,Other Banks/Depts,1,1,1,2,1,1
420,Non-Creditworthy,0.408,0.592,Some Balance,18,Some Problems,Home Related,6458,None,4-7 yrs,2,None,4,4,39,Other Banks/Depts,2,More than 1,1,2,2,1
287,Non-Creditworthy,0.404,0.596,No Account,18,No Problems (in this bank),Home Related,5302,None,4-7 yrs,2,None,4,4,36,Other Banks/Depts,3,More than 1,1,1,2,1
402,Non-Creditworthy,0.394,0.606,No Account,18,Some Problems,Home Related,2278,< £100,< 1yr,3,None,3,3,28,Other Banks/Depts,2,More than 1,1,1,1,1
106,Non-Creditworthy,0.362,0.638,Some Balance,6,Some Problems,Home Related,426,None,4-7 yrs,4,None,4,3,39,Other Banks/Depts,2,1,1,1,1,1
280,Non-Creditworthy,0.36,0.64,No Account,30,Some Problems,Used car,3496,£100-£1000,< 1yr,4,None,2,3,34,Other Banks/Depts,2,1,1,2,2,1
374,Non-Creditworthy,0.346,0.654,No Account,12,Some Problems,Home Related,1082,None,< 1yr,4,None,4,3,48,Other Banks/Depts,2,More than 1,1,1,1,1
299,Non-Creditworthy,0.344,0.656,No Account,24,Paid Up,New car,6579,None,< 1yr,4,None,2,4,29,Other Banks/Depts,3,1,1,1,2,1
129,Non-Creditworthy,0.34,0.66,Some Balance,12,Some Problems,Home Related,3447,£100-£1000,< 1yr,4,None,3,1,35,Other Banks/Depts,2,1,1,2,1,1
453,Non-Creditworthy,0.334,0.666,No Account,24,Some Problems,Used car,4110,None,4-7 yrs,3,None,4,4,23,Other Banks/Depts,1,More than 1,1,2,1,1
485,Non-Creditworthy,0.32,0.68,No Account,27,Some Problems,Home Related,8318,None,4-7 yrs,2,None,4,4,42,Other Banks/Depts,3,More than 1,1,1,2,1
424,Non-Creditworthy,0.32,0.68,No Account,12,Some Problems,Home Related,626,None,< 1yr,4,None,4,1,24,Other Banks/Depts,2,1,1,1,1,1
290,Non-Creditworthy,0.308,0.692,No Account,36,No Problems (in this bank),Used car,6229,None,< 1yr,4,Yes,4,4,23,Other Banks/Depts,1,More than 1,1,1,2,1
361,Non-Creditworthy,0.306,0.694,No Account,42,Some Problems,New car,9283,None,< 1yr,1,None,2,4,55,Other Banks/Depts,3,1,1,1,2,1
42,Non-Creditworthy,0.298,0.702,No Account,18,No Problems (in this bank),Used car,6361,None,4-7 yrs,2,None,1,4,41,Other Banks/Depts,2,1,1,1,2,1
390,Non-Creditworthy,0.292,0.708,No Account,12,Some Problems,Home Related,2149,None,< 1yr,4,None,1,4,29,Other Banks/Depts,3,1,1,1,1,1
286,Non-Creditworthy,0.276,0.724,No Account,12,Paid Up,Used car,7865,None,4-7 yrs,4,None,4,4,53,Other Banks/Depts,3,1,1,1,2,1
487,Non-Creditworthy,0.272,0.728,No Account,30,Paid Up,Home Related,11998,None,< 1yr,1,None,1,4,34,Other Banks/Depts,2,1,1,1,2,1
497,Non-Creditworthy,0.254,0.746,No Account,12,Some Problems,Home Related,6199,None,< 1yr,4,None,2,2,28,Other Banks/Depts,1,More than 1,1,1,2,1
434,Non-Creditworthy,0.252,0.748,No Account,30,No Problems (in this bank),Home Related,5234,None,< 1yr,4,None,2,3,28,Other Banks/Depts,2,More than 1,1,1,1,1
72,Non-Creditworthy,0.152,0.848,No Account,48,Some Problems,Home Related,6416,None,4-7 yrs,4,None,3,4,59,Other Banks/Depts,1,1,1,1,1,1
437,Non-Creditworthy,0.136,0.864,No Account,48,Paid Up,Home Related,7763,None,4-7 yrs,4,None,4,4,42,Other Banks/Depts,3,1,1,1,1,1
458,Non-Creditworthy,0.124,0.876,No Account,48,No Problems (in this bank),New car,6331,None,4-7 yrs,4,None,4,4,46,Other Banks/Depts,3,More than 1,1,1,2,1
